"","school","sex","age","address","famsize","Pstatus","Medu","Fedu","Mjob","Fjob","reason","guardian","traveltime","studytime","schoolsup","famsup","activities","nursery","higher","internet","romantic","famrel","freetime","goout","Dalc","Walc","health","failures","paid","absences","G1","G2","G3","alc_use","high_use"
"1","GP","F",18,"U","GT3","A",4,4,"at_home","teacher","course","mother",2,2,"yes","no","no","yes","yes","no","no",4,3,4,1,1,3,0,"no",5,2,8,8,1,FALSE
"2","GP","F",17,"U","GT3","T",1,1,"at_home","other","course","father",1,2,"no","yes","no","no","yes","yes","no",5,3,3,1,1,3,0,"no",3,7,8,8,1,FALSE
"3","GP","F",15,"U","LE3","T",1,1,"at_home","other","other","mother",1,2,"yes","no","no","yes","yes","yes","no",4,3,2,2,3,3,2,"yes",8,10,10,11,2.5,TRUE
"4","GP","F",15,"U","GT3","T",4,2,"health","services","home","mother",1,3,"no","yes","yes","yes","yes","yes","yes",3,2,2,1,1,5,0,"yes",1,14,14,14,1,FALSE
"5","GP","F",16,"U","GT3","T",3,3,"other","other","home","father",1,2,"no","yes","no","yes","yes","no","no",4,3,2,1,2,5,0,"yes",2,8,12,12,1.5,FALSE
"6","GP","M",16,"U","LE3","T",4,3,"services","other","reputation","mother",1,2,"no","yes","yes","yes","yes","yes","no",5,4,2,1,2,5,0,"yes",8,14,14,14,1.5,FALSE
"7","GP","M",16,"U","LE3","T",2,2,"other","other","home","mother",1,2,"no","no","no","yes","yes","yes","no",4,4,4,1,1,3,0,"no",0,12,12,12,1,FALSE
"8","GP","F",17,"U","GT3","A",4,4,"other","teacher","home","mother",2,2,"yes","yes","no","yes","yes","no","no",4,1,4,1,1,1,0,"no",4,8,9,10,1,FALSE
"9","GP","M",15,"U","LE3","A",3,2,"services","other","home","mother",1,2,"no","yes","no","yes","yes","yes","no",4,2,2,1,1,1,0,"yes",0,16,17,18,1,FALSE
"10","GP","M",15,"U","GT3","T",3,4,"other","other","home","mother",1,2,"no","yes","yes","yes","yes","yes","no",5,5,1,1,1,5,0,"yes",0,13,14,14,1,FALSE
"11","GP","F",15,"U","GT3","T",4,4,"teacher","health","reputation","mother",1,2,"no","yes","no","yes","yes","yes","no",3,3,3,1,2,2,0,"yes",1,12,11,12,1.5,FALSE
"12","GP","F",15,"U","GT3","T",2,1,"services","other","reputation","father",3,3,"no","yes","yes","yes","yes","yes","no",5,2,2,1,1,4,0,"no",2,10,12,12,1,FALSE
"13","GP","M",15,"U","LE3","T",4,4,"health","services","course","father",1,1,"no","yes","yes","yes","yes","yes","no",4,3,3,1,3,5,0,"yes",1,13,14,13,2,FALSE
"14","GP","M",15,"U","GT3","T",4,3,"teacher","other","course","mother",2,2,"no","yes","no","yes","yes","yes","no",5,4,3,1,2,3,0,"yes",1,11,11,12,1.5,FALSE
"15","GP","M",15,"U","GT3","A",2,2,"other","other","home","other",1,3,"no","yes","no","yes","yes","yes","yes",4,5,2,1,1,3,0,"no",0,14,15,16,1,FALSE
"16","GP","F",16,"U","GT3","T",4,4,"health","other","home","mother",1,1,"no","yes","no","yes","yes","yes","no",4,4,4,1,2,2,0,"no",5,16,16,16,1.5,FALSE
"17","GP","F",16,"U","GT3","T",4,4,"services","services","reputation","mother",1,3,"no","yes","yes","yes","yes","yes","no",3,2,3,1,2,2,0,"yes",8,13,14,14,1.5,FALSE
"18","GP","F",16,"U","GT3","T",3,3,"other","other","reputation","mother",3,2,"yes","yes","yes","yes","yes","no","no",5,3,2,1,1,4,0,"no",3,10,12,12,1,FALSE
"19","GP","M",17,"U","GT3","T",3,2,"services","services","course","mother",1,1,"no","yes","yes","yes","yes","yes","no",5,5,5,2,4,5,3,"no",9,7,6,6,3,TRUE
"20","GP","M",16,"U","LE3","T",4,3,"health","other","home","father",1,1,"no","no","yes","yes","yes","yes","no",3,1,3,1,3,5,0,"yes",5,10,11,11,2,FALSE
"21","GP","M",15,"U","GT3","T",4,3,"teacher","other","reputation","mother",1,2,"no","no","no","yes","yes","yes","no",4,4,1,1,1,1,0,"no",0,12,14,14,1,FALSE
"22","GP","M",15,"U","GT3","T",4,4,"health","health","other","father",1,1,"no","yes","no","yes","yes","yes","no",5,4,2,1,1,5,0,"yes",0,12,14,14,1,FALSE
"23","GP","M",16,"U","LE3","T",4,2,"teacher","other","course","mother",1,2,"no","no","yes","yes","yes","yes","no",4,5,1,1,3,5,0,"no",1,14,14,15,2,FALSE
"24","GP","M",16,"U","LE3","T",2,2,"other","other","reputation","mother",2,2,"no","yes","yes","yes","yes","yes","no",5,4,4,2,4,5,0,"no",1,12,12,11,3,TRUE
"25","GP","F",15,"R","GT3","T",2,4,"services","health","course","mother",1,3,"yes","yes","yes","yes","yes","yes","no",4,3,2,1,1,5,0,"yes",2,10,10,9,1,FALSE
"26","GP","F",16,"U","GT3","T",2,2,"services","services","home","mother",1,1,"no","yes","no","no","yes","yes","no",1,2,2,1,3,5,1,"yes",10,8,10,10,2,FALSE
"27","GP","M",15,"U","GT3","T",2,2,"other","other","home","mother",1,1,"no","yes","no","yes","yes","yes","no",4,2,2,1,2,5,0,"yes",5,12,12,12,1.5,FALSE
"28","GP","M",15,"U","GT3","T",4,2,"health","services","other","mother",1,1,"no","no","no","yes","yes","yes","no",2,2,4,2,4,1,0,"yes",2,13,14,13,3,TRUE
"29","GP","M",16,"U","LE3","A",3,4,"services","other","home","mother",1,2,"yes","yes","yes","yes","yes","yes","no",5,3,3,1,1,5,0,"no",3,12,12,12,1,FALSE
"30","GP","M",16,"U","GT3","T",4,4,"teacher","teacher","home","mother",1,2,"no","yes","yes","yes","yes","yes","yes",4,4,5,5,5,5,0,"yes",10,11,12,12,5,TRUE
"31","GP","M",15,"U","GT3","T",4,4,"health","services","home","mother",1,2,"no","yes","no","no","yes","yes","no",5,4,2,3,4,5,0,"yes",0,10,11,12,3.5,TRUE
"32","GP","M",15,"U","GT3","T",4,4,"services","services","reputation","mother",2,2,"no","yes","yes","yes","yes","yes","no",4,3,1,1,1,5,0,"no",1,16,16,16,1,FALSE
"33","GP","M",15,"R","GT3","T",4,3,"teacher","at_home","course","mother",1,2,"no","yes","yes","yes","yes","yes","yes",4,5,2,1,1,5,0,"no",0,15,15,16,1,FALSE
"34","GP","M",15,"U","LE3","T",3,3,"other","other","course","mother",1,2,"no","no","yes","no","yes","yes","no",5,3,2,1,1,2,0,"no",0,10,11,12,1,FALSE
"35","GP","M",16,"U","GT3","T",3,2,"other","other","home","mother",1,1,"no","yes","no","no","yes","yes","no",5,4,3,1,1,5,0,"yes",2,12,13,14,1,FALSE
"36","GP","F",15,"U","GT3","T",2,3,"other","other","other","father",2,1,"no","yes","yes","yes","yes","no","no",3,5,1,1,1,5,0,"no",2,10,9,8,1,FALSE
"37","GP","M",15,"U","LE3","T",4,3,"teacher","services","home","mother",1,3,"no","yes","yes","yes","yes","yes","no",5,4,3,1,1,4,0,"no",1,14,15,16,1,FALSE
"38","GP","M",16,"R","GT3","A",4,4,"other","teacher","reputation","mother",2,3,"no","yes","yes","yes","yes","yes","yes",2,4,3,1,1,5,0,"no",6,14,14,14,1,FALSE
"39","GP","F",15,"R","GT3","T",3,4,"services","health","course","mother",1,3,"yes","yes","yes","yes","yes","yes","no",4,3,2,1,1,5,0,"yes",2,12,12,12,1,FALSE
"40","GP","F",15,"R","GT3","T",2,2,"at_home","other","reputation","mother",1,1,"yes","yes","yes","yes","yes","no","no",4,3,1,1,1,2,0,"yes",8,14,13,12,1,FALSE
"41","GP","F",16,"U","LE3","T",2,2,"other","other","home","mother",2,2,"no","yes","yes","no","yes","yes","yes",3,3,3,1,2,3,0,"no",20,9,10,10,1.5,FALSE
"42","GP","M",15,"U","LE3","T",4,4,"teacher","other","home","other",1,1,"no","yes","no","no","yes","yes","yes",5,4,3,2,4,5,0,"no",8,11,12,12,3,TRUE
"43","GP","M",15,"U","GT3","T",4,4,"services","teacher","course","father",1,2,"no","yes","yes","yes","yes","yes","no",4,3,3,1,1,5,0,"no",1,16,16,16,1,FALSE
"44","GP","M",15,"U","GT3","T",2,2,"services","services","course","father",1,1,"yes","yes","no","yes","yes","yes","no",5,4,1,1,1,1,0,"no",0,8,9,10,1,FALSE
"45","GP","F",16,"U","LE3","T",2,2,"other","at_home","course","father",2,2,"yes","no","yes","yes","yes","yes","no",4,3,3,2,2,5,1,"no",14,10,10,10,2,FALSE
"46","GP","F",15,"U","LE3","A",4,3,"other","other","course","mother",1,2,"yes","yes","yes","yes","yes","yes","yes",5,2,2,1,1,5,0,"yes",6,9,10,8,1,FALSE
"47","GP","F",16,"U","LE3","A",3,3,"other","services","home","mother",1,2,"no","yes","no","yes","yes","yes","no",2,3,5,1,4,3,0,"no",9,12,12,12,2.5,TRUE
"48","GP","M",16,"U","GT3","T",4,3,"health","services","reputation","mother",1,4,"no","no","yes","yes","yes","yes","no",4,2,2,1,1,2,0,"no",3,18,18,18,1,FALSE
"49","GP","M",15,"U","GT3","T",4,2,"teacher","other","home","mother",1,2,"no","yes","no","yes","yes","no","no",4,3,3,2,2,5,0,"yes",3,13,14,14,2,FALSE
"50","GP","F",15,"U","GT3","T",4,4,"services","teacher","other","father",1,2,"yes","yes","yes","no","yes","yes","no",4,4,4,1,1,3,0,"no",2,10,10,10,1,FALSE
"51","GP","F",16,"U","LE3","T",2,2,"services","services","course","mother",3,2,"no","yes","no","yes","yes","yes","no",4,3,3,2,3,4,0,"yes",1,13,13,13,2.5,TRUE
"52","GP","F",15,"U","LE3","T",4,2,"health","other","other","mother",1,2,"no","yes","no","yes","yes","yes","no",4,3,3,1,1,5,0,"yes",1,14,14,14,1,FALSE
"53","GP","M",15,"U","LE3","A",4,2,"health","health","other","father",2,1,"no","no","no","yes","yes","no","no",5,5,5,3,4,5,0,"no",5,10,10,10,3.5,TRUE
"54","GP","F",15,"U","GT3","T",4,4,"services","services","course","mother",1,1,"yes","yes","no","yes","yes","yes","no",3,3,4,2,3,5,0,"yes",0,10,11,12,2.5,TRUE
"55","GP","F",15,"U","LE3","A",3,3,"other","other","other","mother",1,1,"no","no","no","yes","yes","yes","no",5,3,4,4,4,1,0,"yes",3,12,12,13,4,TRUE
"56","GP","F",16,"U","GT3","A",2,1,"other","other","other","mother",1,2,"no","no","yes","yes","yes","yes","yes",5,3,4,1,1,2,0,"yes",5,10,11,11,1,FALSE
"57","GP","F",15,"U","GT3","A",4,3,"services","services","reputation","mother",1,2,"no","yes","yes","yes","yes","yes","no",4,3,2,1,1,1,0,"yes",0,14,14,15,1,FALSE
"58","GP","M",15,"U","GT3","T",4,4,"teacher","health","reputation","mother",1,2,"no","yes","yes","yes","yes","no","no",3,2,2,1,1,5,0,"no",6,14,15,16,1,FALSE
"59","GP","M",15,"U","LE3","T",1,2,"other","at_home","home","father",1,2,"yes","yes","yes","yes","yes","yes","no",4,3,2,1,1,5,0,"no",1,12,12,12,1,FALSE
"60","GP","F",16,"U","GT3","T",4,2,"services","other","course","mother",1,2,"no","yes","no","yes","yes","yes","no",4,2,3,1,1,5,0,"no",2,16,16,16,1,FALSE
"61","GP","F",16,"R","GT3","T",4,4,"health","teacher","other","mother",1,2,"no","yes","yes","yes","yes","no","no",2,4,4,2,3,4,0,"no",3,14,14,14,2.5,TRUE
"62","GP","F",16,"U","GT3","T",1,1,"services","services","course","father",4,1,"yes","yes","yes","no","yes","yes","yes",5,5,5,5,5,5,0,"no",3,10,9,14,5,TRUE
"63","GP","F",16,"U","LE3","T",1,2,"other","services","reputation","father",1,2,"yes","no","yes","yes","yes","yes","no",4,4,3,1,1,1,0,"no",2,10,12,10,1,FALSE
"64","GP","F",16,"U","GT3","T",4,3,"teacher","health","home","mother",1,3,"yes","yes","yes","yes","yes","yes","no",3,4,4,2,4,4,0,"yes",1,12,11,11,3,TRUE
"65","GP","F",15,"U","LE3","T",4,3,"services","services","reputation","father",1,2,"yes","no","yes","yes","yes","yes","yes",4,4,4,2,4,2,0,"no",0,12,11,11,3,TRUE
"66","GP","F",16,"U","LE3","T",4,3,"teacher","services","course","mother",3,2,"no","yes","yes","yes","yes","yes","no",5,4,3,1,2,1,0,"no",2,16,15,16,1.5,FALSE
"67","GP","M",15,"U","GT3","A",4,4,"other","services","reputation","mother",1,4,"no","yes","yes","no","yes","yes","yes",1,3,3,5,5,3,0,"no",2,12,12,12,5,TRUE
"68","GP","F",16,"U","GT3","T",3,1,"services","other","course","mother",1,4,"yes","yes","no","yes","yes","yes","no",4,3,3,1,2,5,0,"yes",2,8,8,8,1.5,FALSE
"69","GP","F",15,"R","LE3","T",2,2,"health","services","reputation","mother",2,2,"yes","yes","no","yes","yes","yes","no",4,1,3,1,3,4,0,"yes",1,10,10,10,2,FALSE
"70","GP","F",15,"R","LE3","T",3,1,"other","other","reputation","father",2,4,"no","yes","no","no","yes","yes","no",4,4,2,2,3,3,0,"no",9,16,16,16,2.5,TRUE
"71","GP","M",16,"U","GT3","T",3,1,"other","other","reputation","father",2,4,"no","yes","no","yes","yes","yes","no",4,3,2,1,1,5,0,"yes",1,13,13,13,1,FALSE
"72","GP","M",15,"U","GT3","T",4,2,"other","other","course","mother",1,4,"no","no","no","yes","yes","yes","no",3,3,3,1,1,3,0,"no",0,10,10,10,1,FALSE
"73","GP","F",15,"R","GT3","T",1,1,"other","other","reputation","mother",1,2,"yes","yes","no","no","yes","yes","yes",3,3,4,2,4,5,1,"no",2,10,8,8,3,TRUE
"74","GP","M",16,"U","GT3","T",3,1,"other","other","reputation","mother",1,1,"no","no","yes","yes","yes","no","no",5,3,2,2,2,5,0,"no",1,12,12,14,2,FALSE
"75","GP","F",16,"U","GT3","T",3,3,"other","services","home","mother",1,2,"yes","yes","yes","yes","yes","yes","no",4,3,3,2,4,5,0,"yes",29,11,12,11,3,TRUE
"76","GP","M",15,"U","GT3","T",4,3,"teacher","other","home","mother",1,2,"no","yes","yes","yes","yes","yes","no",4,3,3,2,3,5,0,"yes",3,10,10,10,2.5,TRUE
"77","GP","M",15,"U","GT3","T",4,0,"teacher","other","course","mother",2,4,"no","no","yes","yes","yes","yes","no",3,4,3,1,1,1,0,"no",4,12,11,10,1,FALSE
"78","GP","F",16,"U","GT3","T",2,2,"other","other","reputation","mother",1,4,"no","no","no","yes","yes","yes","yes",5,2,3,1,3,3,0,"yes",0,12,12,12,2,FALSE
"79","GP","M",17,"U","GT3","T",2,1,"other","other","home","mother",2,1,"yes","yes","yes","yes","no","yes","no",4,5,1,1,1,3,3,"no",1,8,8,10,1,FALSE
"80","GP","F",16,"U","GT3","T",3,4,"at_home","other","course","mother",1,2,"no","yes","no","yes","yes","yes","no",2,4,3,1,2,3,0,"no",13,8,8,8,1.5,FALSE
"81","GP","M",15,"U","GT3","T",2,3,"other","services","course","father",1,1,"yes","yes","yes","no","yes","yes","yes",3,2,2,1,3,3,0,"yes",1,10,12,12,2,FALSE
"82","GP","M",15,"U","GT3","T",2,3,"other","other","home","mother",1,3,"yes","no","no","no","yes","yes","no",5,3,2,1,2,5,0,"yes",3,10,10,10,1.5,FALSE
"83","GP","F",15,"U","LE3","T",3,2,"services","other","reputation","mother",1,2,"no","yes","no","yes","yes","yes","no",4,4,4,1,1,5,0,"yes",7,10,8,8,1,FALSE
"84","GP","M",15,"U","LE3","T",2,2,"services","services","home","mother",2,2,"no","no","yes","yes","yes","yes","no",5,3,3,1,3,4,0,"yes",3,14,14,14,2,FALSE
"85","GP","F",15,"U","GT3","T",1,1,"other","other","home","father",1,2,"no","yes","yes","no","yes","yes","no",4,3,2,2,3,4,0,"no",2,11,11,11,2.5,TRUE
"86","GP","F",15,"U","GT3","T",4,4,"services","services","reputation","father",2,2,"no","no","no","yes","yes","yes","yes",4,4,4,2,3,5,1,"yes",5,10,10,10,2.5,TRUE
"87","GP","F",16,"U","LE3","T",2,2,"at_home","other","course","mother",1,2,"no","yes","no","yes","yes","no","no",4,3,4,1,2,2,0,"no",5,10,9,8,1.5,FALSE
"88","GP","F",15,"U","GT3","T",4,2,"other","other","reputation","mother",1,3,"no","yes","yes","yes","yes","yes","no",5,3,3,1,3,1,0,"no",4,14,14,14,2,FALSE
"89","GP","M",16,"U","GT3","T",2,2,"services","other","reputation","father",2,2,"no","no","yes","no","yes","yes","no",4,4,2,1,1,3,0,"yes",9,12,10,10,1,FALSE
"90","GP","M",16,"U","LE3","A",4,4,"teacher","health","reputation","mother",1,2,"no","yes","no","yes","yes","no","no",4,1,3,3,5,5,0,"no",12,8,8,8,4,TRUE
"91","GP","F",16,"U","GT3","T",3,3,"other","other","home","mother",1,3,"no","yes","no","yes","yes","yes","yes",4,3,3,1,3,4,0,"yes",1,8,9,10,2,FALSE
"92","GP","F",15,"U","GT3","T",4,3,"services","other","reputation","mother",1,1,"no","no","yes","yes","yes","yes","no",4,5,5,1,3,1,0,"yes",5,15,15,16,2,FALSE
"93","GP","F",16,"U","LE3","T",3,1,"other","other","home","father",1,2,"yes","yes","no","yes","yes","no","no",3,3,3,2,3,2,0,"no",2,10,10,9,2.5,TRUE
"94","GP","F",16,"U","GT3","T",4,2,"teacher","services","home","mother",2,2,"no","yes","yes","yes","yes","yes","no",5,3,3,1,1,1,0,"yes",1,12,12,12,1,FALSE
"95","GP","M",15,"U","LE3","T",2,2,"services","health","reputation","mother",1,4,"no","yes","yes","yes","yes","yes","no",4,3,4,1,1,4,0,"no",4,11,12,13,1,FALSE
"96","GP","F",15,"R","GT3","T",1,1,"at_home","other","home","mother",2,4,"yes","yes","yes","yes","yes","yes","no",3,1,2,1,1,1,0,"yes",3,10,12,12,1,FALSE
"97","GP","M",16,"R","GT3","T",4,3,"services","other","reputation","mother",2,1,"yes","yes","yes","no","yes","yes","no",3,3,3,1,1,4,0,"no",4,10,13,13,1,FALSE
"98","GP","F",16,"U","GT3","T",2,1,"other","other","course","mother",1,2,"no","yes","no","yes","yes","no","yes",4,3,5,1,1,5,0,"yes",1,10,10,11,1,FALSE
"99","GP","F",16,"U","GT3","T",4,4,"other","other","reputation","mother",1,1,"no","no","yes","no","yes","yes","no",5,3,4,1,2,1,0,"no",5,12,14,14,1.5,FALSE
"100","GP","F",16,"U","GT3","T",4,3,"other","at_home","course","mother",1,3,"yes","yes","no","yes","yes","yes","no",5,3,5,1,1,3,0,"yes",1,10,11,10,1,FALSE
"101","GP","M",16,"U","GT3","T",4,4,"services","services","other","mother",1,1,"yes","yes","yes","yes","yes","yes","no",4,5,5,5,5,4,0,"yes",13,8,8,6,5,TRUE
"102","GP","M",16,"U","GT3","T",4,4,"services","teacher","other","father",1,3,"no","yes","yes","yes","yes","yes","yes",4,4,3,1,1,4,0,"no",0,16,16,16,1,FALSE
"103","GP","M",15,"U","GT3","T",4,4,"services","other","course","mother",1,1,"no","yes","yes","no","yes","yes","no",5,3,3,1,1,5,0,"no",3,11,13,13,1,FALSE
"104","GP","F",15,"U","GT3","T",3,2,"services","other","home","mother",2,2,"yes","yes","no","yes","yes","yes","no",4,3,5,1,1,2,0,"yes",21,9,8,8,1,FALSE
"105","GP","M",15,"U","GT3","A",3,4,"services","other","course","mother",1,2,"no","yes","yes","yes","yes","yes","no",5,4,4,1,1,1,0,"yes",0,16,17,17,1,FALSE
"106","GP","F",15,"U","GT3","A",3,3,"other","health","reputation","father",1,4,"yes","no","no","yes","yes","no","no",4,3,3,1,1,4,0,"no",10,10,10,10,1,FALSE
"107","GP","F",15,"U","GT3","T",2,2,"other","other","course","mother",1,4,"yes","yes","no","yes","yes","yes","no",5,1,2,1,1,3,0,"yes",6,8,9,9,1,FALSE
"108","GP","M",16,"U","GT3","T",3,3,"services","other","home","father",1,3,"no","yes","yes","yes","yes","yes","no",5,3,3,1,1,5,0,"no",3,14,16,16,1,FALSE
"109","GP","M",15,"R","GT3","T",4,4,"other","other","home","father",4,4,"no","yes","yes","yes","yes","yes","yes",1,3,5,3,5,1,0,"yes",7,11,12,12,4,TRUE
"110","GP","F",16,"U","LE3","T",4,4,"health","health","other","mother",1,3,"no","yes","yes","yes","yes","yes","yes",5,4,5,1,1,4,0,"yes",3,14,15,15,1,FALSE
"111","GP","M",15,"U","LE3","A",4,4,"teacher","teacher","course","mother",1,1,"no","no","yes","yes","yes","yes","no",5,5,3,1,1,4,0,"no",5,16,16,16,1,FALSE
"112","GP","F",16,"R","GT3","T",3,3,"services","other","reputation","father",1,3,"yes","yes","yes","yes","yes","yes","no",4,1,2,1,1,2,0,"no",2,9,10,10,1,FALSE
"113","GP","F",16,"U","GT3","T",2,2,"at_home","other","home","mother",1,2,"yes","no","yes","yes","yes","yes","no",3,1,2,1,1,5,1,"no",9,9,12,12,1,FALSE
"114","GP","M",15,"U","LE3","T",4,2,"teacher","other","course","mother",1,1,"no","no","no","yes","yes","yes","no",3,5,2,1,1,3,0,"no",10,18,18,18,1,FALSE
"115","GP","M",15,"R","GT3","T",2,1,"health","services","reputation","mother",1,2,"no","no","yes","yes","yes","yes","yes",5,4,2,1,1,5,0,"no",6,10,9,10,1,FALSE
"116","GP","M",16,"U","GT3","T",4,4,"teacher","teacher","course","father",1,2,"no","yes","yes","yes","yes","yes","no",5,4,4,1,2,5,0,"no",4,16,14,15,1.5,FALSE
"117","GP","M",15,"U","GT3","T",4,4,"other","teacher","reputation","father",2,2,"no","yes","yes","yes","yes","no","no",4,4,3,1,1,2,0,"no",3,14,14,15,1,FALSE
"118","GP","M",16,"U","GT3","T",3,3,"other","services","home","father",2,1,"no","no","yes","yes","yes","yes","no",5,4,2,1,1,5,0,"no",3,14,14,14,1,FALSE
"119","GP","M",17,"R","GT3","T",1,3,"other","other","course","father",3,2,"no","yes","yes","yes","yes","yes","no",5,2,4,1,4,5,1,"no",17,10,9,10,2.5,TRUE
"120","GP","M",15,"U","GT3","T",3,4,"other","other","reputation","father",1,1,"no","no","no","yes","yes","yes","no",3,4,3,1,2,4,0,"no",4,14,13,14,1.5,FALSE
"121","GP","F",15,"U","GT3","T",1,2,"at_home","services","course","mother",1,2,"no","no","no","no","yes","yes","no",3,2,3,1,2,1,0,"no",1,15,14,14,1.5,FALSE
"122","GP","M",15,"U","GT3","T",2,2,"services","services","home","father",1,4,"no","yes","yes","yes","yes","yes","no",5,5,4,1,2,5,0,"yes",6,15,14,14,1.5,FALSE
"123","GP","F",16,"U","LE3","T",2,4,"other","health","course","father",2,2,"no","yes","yes","yes","yes","yes","yes",4,2,2,1,2,5,0,"yes",2,14,12,13,1.5,FALSE
"124","GP","M",16,"U","GT3","T",4,4,"health","other","course","mother",1,1,"no","yes","yes","yes","yes","yes","no",3,4,4,1,4,5,0,"no",11,13,12,13,2.5,TRUE
"125","GP","F",16,"U","GT3","T",2,2,"other","other","home","mother",1,2,"no","no","no","yes","yes","yes","yes",5,4,4,1,1,5,0,"yes",0,10,9,10,1,FALSE
"126","GP","M",15,"U","GT3","T",3,4,"services","services","home","father",1,1,"yes","no","no","yes","yes","yes","no",5,5,5,3,2,5,0,"no",1,11,11,10,2.5,TRUE
"127","GP","F",15,"U","LE3","A",3,4,"other","other","home","mother",1,2,"yes","no","yes","yes","yes","yes","yes",5,3,2,1,1,1,0,"no",0,8,10,11,1,FALSE
"128","GP","F",19,"U","GT3","T",0,1,"at_home","other","course","other",1,2,"no","yes","no","no","no","no","no",3,4,2,1,1,5,2,"no",1,8,9,10,1,FALSE
"129","GP","M",16,"R","GT3","T",4,4,"teacher","teacher","course","mother",1,1,"no","no","yes","yes","yes","yes","no",3,5,5,2,5,4,0,"yes",8,16,16,16,3.5,TRUE
"130","GP","F",15,"R","GT3","T",3,4,"services","teacher","course","father",2,3,"no","yes","no","yes","yes","yes","yes",4,2,2,2,2,5,1,"no",0,11,6,6,2,FALSE
"131","GP","F",15,"U","GT3","T",1,1,"at_home","other","course","mother",3,1,"no","yes","yes","no","yes","yes","yes",4,3,3,1,2,4,0,"no",3,10,6,6,1.5,FALSE
"132","GP","F",17,"U","LE3","T",2,2,"other","other","course","father",1,1,"no","yes","no","yes","yes","yes","yes",3,4,4,1,3,5,0,"no",7,12,12,12,2,FALSE
"133","GP","F",16,"U","GT3","A",3,4,"services","other","course","father",1,1,"no","no","no","yes","yes","yes","no",3,2,1,1,4,5,0,"no",14,14,12,12,2.5,TRUE
"134","GP","M",15,"R","GT3","T",3,4,"at_home","teacher","course","mother",4,2,"no","yes","no","yes","yes","no","yes",5,3,3,1,1,5,0,"no",1,10,6,6,1,FALSE
"135","GP","F",15,"U","GT3","T",4,4,"services","at_home","course","mother",1,3,"no","yes","yes","yes","yes","yes","yes",4,3,3,1,1,5,0,"no",2,12,7,8,1,FALSE
"136","GP","M",17,"R","GT3","T",3,4,"at_home","other","course","mother",3,2,"no","no","no","yes","yes","no","no",5,4,5,2,4,5,0,"no",1,10,4,5,3,TRUE
"137","GP","F",16,"U","GT3","A",3,3,"other","other","course","other",2,1,"no","yes","yes","no","yes","yes","yes",4,3,2,1,1,5,1,"no",2,6,4,5,1,FALSE
"138","GP","M",16,"U","LE3","T",1,1,"services","other","course","mother",1,2,"no","no","no","yes","yes","no","yes",4,4,4,1,3,5,2,"no",0,12,11,11,2,FALSE
"139","GP","F",15,"U","GT3","T",4,4,"teacher","teacher","course","mother",2,1,"no","no","yes","yes","yes","yes","no",4,3,2,1,1,5,0,"no",3,14,15,14,1,FALSE
"140","GP","M",15,"U","GT3","T",4,3,"teacher","services","course","father",2,4,"yes","yes","no","yes","yes","yes","no",2,2,2,1,1,3,0,"no",3,8,10,6,1,FALSE
"141","GP","M",16,"U","LE3","T",2,2,"services","services","reputation","father",2,1,"no","yes","yes","yes","yes","yes","no",2,3,3,2,2,2,1,"no",6,10,10,10,2,FALSE
"142","GP","F",15,"U","GT3","T",4,4,"teacher","services","course","mother",1,3,"no","yes","yes","yes","yes","yes","no",4,2,2,1,1,5,0,"yes",2,11,12,12,1,FALSE
"143","GP","F",16,"U","LE3","T",1,1,"at_home","at_home","course","mother",1,1,"no","no","no","yes","yes","yes","no",3,4,4,3,3,1,0,"no",3,12,12,12,3,TRUE
"144","GP","M",17,"U","GT3","T",2,1,"other","other","home","mother",1,1,"no","yes","no","yes","yes","yes","no",5,4,5,1,2,5,2,"no",11,7,4,3,1.5,FALSE
"145","GP","F",15,"U","GT3","T",1,1,"other","services","course","father",1,2,"no","yes","no","yes","yes","yes","no",4,4,2,1,2,5,0,"yes",0,10,12,12,1.5,FALSE
"146","GP","F",15,"U","GT3","T",3,2,"health","services","home","father",1,2,"no","yes","no","yes","yes","yes","no",3,3,2,1,1,3,2,"no",1,8,9,6,1,FALSE
"147","GP","F",15,"U","GT3","T",1,2,"at_home","other","course","mother",1,2,"no","yes","no","no","yes","yes","no",4,3,2,1,1,5,0,"yes",4,12,12,12,1,FALSE
"148","GP","M",16,"U","GT3","T",4,4,"teacher","teacher","course","mother",1,1,"no","yes","no","yes","no","yes","yes",3,3,2,2,1,5,0,"no",8,8,8,4,1.5,FALSE
"149","GP","M",15,"U","LE3","A",2,1,"services","other","course","mother",4,1,"no","no","no","yes","yes","yes","no",4,5,5,2,5,5,2,"no",0,10,10,10,3.5,TRUE
"150","GP","M",18,"U","LE3","T",1,1,"other","other","course","mother",1,1,"no","no","no","yes","no","yes","yes",2,3,5,2,5,4,2,"no",0,8,7,0,3.5,TRUE
"151","GP","M",16,"U","LE3","T",2,1,"at_home","other","course","mother",1,1,"no","no","yes","yes","yes","no","yes",4,4,4,3,5,5,1,"no",6,10,12,12,4,TRUE
"152","GP","F",15,"R","GT3","T",3,3,"services","services","reputation","other",2,3,"no","yes","yes","yes","yes","yes","yes",4,2,1,2,3,3,1,"yes",5,12,12,12,2.5,TRUE
"153","GP","M",19,"U","GT3","T",3,2,"services","at_home","home","mother",1,1,"no","yes","no","yes","no","yes","yes",4,5,4,1,1,4,2,"no",3,8,4,6,1,FALSE
"154","GP","F",17,"U","GT3","T",4,4,"other","teacher","course","mother",1,1,"yes","yes","no","yes","yes","no","yes",4,2,1,1,1,4,0,"no",0,12,12,12,1,FALSE
"155","GP","M",15,"R","GT3","T",2,3,"at_home","services","course","mother",1,2,"yes","no","yes","yes","yes","no","no",4,4,4,1,1,1,0,"yes",1,9,8,8,1,FALSE
"156","GP","M",17,"R","LE3","T",1,2,"other","other","reputation","mother",1,1,"no","no","no","yes","yes","no","no",2,2,2,3,3,5,2,"no",11,12,10,12,3,TRUE
"157","GP","F",18,"R","GT3","T",1,1,"at_home","other","course","mother",3,1,"no","yes","yes","no","yes","no","no",5,2,5,1,5,4,3,"no",6,10,9,10,3,TRUE
"158","GP","M",16,"R","GT3","T",2,2,"at_home","other","course","mother",3,1,"no","no","no","no","yes","no","no",4,2,2,1,2,3,0,"no",3,14,12,13,1.5,FALSE
"159","GP","M",16,"U","GT3","T",3,3,"other","services","course","father",1,2,"no","yes","no","yes","yes","yes","yes",4,5,5,4,4,5,1,"yes",2,10,11,6,4,TRUE
"160","GP","M",17,"R","LE3","T",2,1,"at_home","other","course","mother",2,1,"no","no","yes","yes","no","yes","yes",3,3,2,2,2,5,2,"no",4,8,7,4,2,FALSE
"161","GP","M",17,"R","LE3","T",1,1,"other","services","course","mother",4,2,"no","no","yes","yes","no","no","yes",5,3,5,1,5,5,2,"no",0,6,8,8,3,TRUE
"162","GP","M",16,"U","GT3","T",2,2,"other","other","course","father",1,2,"no","no","no","yes","no","yes","no",4,3,5,2,4,4,0,"no",2,10,10,10,3,TRUE
"163","GP","F",16,"U","GT3","T",4,2,"health","services","home","father",1,2,"no","no","no","yes","yes","yes","yes",4,2,3,1,1,3,0,"yes",0,16,16,17,1,FALSE
"164","GP","F",16,"U","GT3","T",2,2,"other","other","home","mother",1,2,"no","yes","no","no","yes","yes","no",5,1,5,1,1,4,0,"yes",0,9,10,6,1,FALSE
"165","GP","F",16,"U","GT3","T",4,4,"health","health","reputation","mother",1,2,"no","yes","no","yes","yes","yes","yes",4,4,2,1,1,3,0,"yes",0,15,15,16,1,FALSE
"166","GP","M",16,"U","GT3","T",3,4,"other","other","course","father",3,1,"no","yes","yes","no","yes","yes","no",3,4,5,2,4,2,2,"no",2,8,7,5,3,TRUE
"167","GP","M",16,"U","GT3","T",1,0,"other","other","reputation","mother",2,2,"no","yes","yes","yes","yes","yes","yes",4,3,2,1,1,3,0,"yes",1,14,16,17,1,FALSE
"168","GP","M",17,"U","LE3","T",4,4,"teacher","other","reputation","mother",1,2,"no","yes","yes","yes","yes","yes","no",4,4,4,1,3,5,0,"yes",0,12,10,10,2,FALSE
"169","GP","F",16,"U","GT3","T",1,3,"at_home","services","home","mother",1,2,"no","no","yes","no","yes","yes","yes",4,3,5,1,1,3,2,"no",0,11,10,6,1,FALSE
"170","GP","F",16,"U","LE3","T",3,3,"other","other","reputation","mother",2,2,"no","yes","yes","yes","yes","yes","no",4,4,5,1,1,4,0,"yes",2,12,12,12,1,FALSE
"171","GP","M",17,"U","LE3","T",4,3,"teacher","other","course","mother",2,2,"no","no","yes","yes","yes","yes","no",4,4,4,4,4,4,0,"yes",2,10,10,10,4,TRUE
"172","GP","F",16,"U","GT3","T",2,2,"services","other","reputation","mother",2,2,"no","no","yes","no","yes","yes","no",3,4,4,1,4,5,0,"yes",1,13,12,12,2.5,TRUE
"173","GP","M",17,"U","GT3","T",3,3,"other","other","reputation","father",1,2,"no","no","yes","no","yes","yes","no",4,3,4,1,4,4,0,"no",4,8,7,8,2.5,TRUE
"174","GP","M",16,"R","GT3","T",4,2,"teacher","services","other","mother",1,1,"no","yes","yes","yes","yes","yes","yes",4,3,3,3,4,3,0,"no",9,10,8,10,3.5,TRUE
"175","GP","M",17,"U","GT3","T",4,3,"other","other","course","mother",1,2,"no","yes","yes","yes","yes","yes","yes",5,2,3,1,1,2,0,"no",4,10,10,12,1,FALSE
"176","GP","M",16,"U","GT3","T",4,3,"teacher","other","home","mother",1,2,"no","yes","yes","yes","yes","yes","no",3,4,3,2,3,3,0,"yes",7,10,9,10,2.5,TRUE
"177","GP","M",16,"U","GT3","T",3,3,"services","other","home","mother",1,2,"no","no","yes","yes","yes","yes","yes",4,2,3,1,2,3,0,"yes",1,12,12,12,1.5,FALSE
"178","GP","F",17,"U","GT3","T",2,4,"services","services","reputation","father",1,2,"no","yes","yes","yes","yes","no","no",5,4,2,2,3,5,0,"no",0,16,18,17,2.5,TRUE
"179","GP","F",17,"U","LE3","T",3,3,"other","other","reputation","mother",1,2,"no","yes","yes","yes","yes","yes","yes",5,3,3,2,3,1,0,"no",44,12,11,11,2.5,TRUE
"180","GP","F",16,"U","GT3","T",3,2,"other","other","reputation","mother",1,2,"no","yes","no","yes","yes","yes","no",1,2,2,1,2,1,0,"yes",11,13,14,14,1.5,FALSE
"181","GP","M",17,"U","GT3","T",3,3,"services","services","other","mother",1,2,"no","yes","yes","yes","yes","yes","yes",4,3,4,2,3,4,0,"no",9,12,12,12,2.5,TRUE
"182","GP","M",16,"U","GT3","T",1,2,"services","services","other","mother",1,1,"no","yes","yes","yes","yes","yes","yes",3,3,3,1,2,3,0,"yes",1,10,10,11,1.5,FALSE
"183","GP","M",16,"U","LE3","T",2,1,"other","other","course","mother",1,2,"no","no","yes","yes","yes","yes","yes",4,2,3,1,2,5,0,"yes",0,14,14,16,1.5,FALSE
"184","GP","F",17,"U","GT3","A",3,3,"health","other","reputation","mother",1,2,"no","yes","no","no","yes","yes","yes",3,3,3,1,3,3,0,"no",8,10,10,12,2,FALSE
"185","GP","M",17,"R","GT3","T",1,2,"at_home","other","home","mother",1,2,"no","no","no","yes","yes","no","no",3,1,3,1,5,3,0,"no",5,8,9,10,3,TRUE
"186","GP","F",16,"U","GT3","T",2,3,"services","services","course","mother",1,2,"no","no","no","yes","yes","yes","no",4,3,3,1,1,2,0,"no",8,12,12,13,1,FALSE
"187","GP","F",17,"U","GT3","T",1,1,"at_home","services","course","mother",1,2,"no","no","yes","yes","yes","yes","no",5,3,3,1,1,3,0,"no",0,10,10,10,1,FALSE
"188","GP","M",17,"U","GT3","T",1,2,"at_home","services","other","other",2,2,"no","no","yes","no","yes","yes","no",4,4,4,4,5,5,0,"yes",14,8,10,10,4.5,TRUE
"189","GP","M",16,"R","GT3","T",3,3,"services","services","reputation","mother",1,1,"no","yes","yes","yes","yes","yes","no",4,3,2,3,4,5,0,"no",4,10,10,10,3.5,TRUE
"190","GP","M",16,"U","GT3","T",2,3,"other","other","home","father",2,1,"no","no","no","yes","yes","yes","no",5,3,3,1,1,3,0,"no",0,13,13,13,1,FALSE
"191","GP","F",17,"U","LE3","T",2,4,"services","services","course","father",1,2,"no","no","yes","yes","yes","yes","yes",4,3,2,1,1,5,0,"no",4,14,15,16,1,FALSE
"192","GP","M",17,"U","GT3","T",4,4,"services","teacher","home","mother",1,1,"no","no","no","yes","yes","yes","no",5,2,3,1,2,5,0,"no",4,15,14,15,1.5,FALSE
"193","GP","M",16,"R","LE3","T",3,3,"teacher","other","home","father",3,1,"no","yes","yes","yes","yes","yes","no",3,3,4,3,5,3,0,"yes",12,10,10,11,4,TRUE
"194","GP","F",17,"U","GT3","T",4,4,"services","teacher","home","mother",2,1,"no","yes","no","yes","yes","yes","no",4,2,4,2,3,2,1,"no",27,16,16,17,2.5,TRUE
"195","GP","F",16,"U","LE3","T",4,4,"teacher","teacher","reputation","mother",1,2,"no","yes","no","yes","yes","yes","no",4,5,2,1,2,3,0,"yes",0,10,10,10,1.5,FALSE
"196","GP","F",16,"U","GT3","T",4,3,"health","other","home","mother",1,2,"no","yes","yes","yes","yes","yes","no",4,3,5,1,5,2,0,"no",2,15,15,16,3,TRUE
"197","GP","F",16,"U","GT3","T",2,3,"other","other","reputation","mother",1,2,"yes","yes","yes","yes","yes","no","no",4,4,3,1,3,4,0,"yes",5,10,11,11,2,FALSE
"198","GP","F",17,"U","GT3","T",1,1,"other","other","course","mother",1,2,"no","yes","no","no","yes","no","no",4,4,4,1,3,1,0,"yes",2,12,12,12,2,FALSE
"199","GP","F",17,"R","GT3","T",2,2,"other","other","reputation","mother",1,1,"no","yes","no","yes","yes","yes","no",5,3,2,1,2,3,0,"no",20,10,10,10,1.5,FALSE
"200","GP","F",16,"R","GT3","T",2,2,"services","services","reputation","mother",2,4,"no","yes","yes","no","yes","yes","no",5,3,5,1,1,5,0,"yes",6,12,12,12,1,FALSE
"201","GP","F",17,"U","GT3","T",3,4,"at_home","services","home","mother",1,3,"no","yes","no","yes","yes","yes","yes",4,4,3,3,4,5,1,"yes",21,9,9,8,3.5,TRUE
"202","GP","F",16,"U","GT3","A",3,1,"services","other","course","mother",1,2,"no","yes","no","yes","yes","yes","no",2,3,3,2,2,4,2,"yes",4,9,9,10,2,FALSE
"203","GP","F",16,"U","GT3","T",4,3,"teacher","other","other","mother",1,2,"no","no","yes","yes","yes","yes","yes",1,3,2,1,1,1,0,"yes",7,12,14,14,1,FALSE
"204","GP","F",16,"U","GT3","T",1,1,"at_home","other","home","mother",2,1,"no","yes","no","yes","yes","no","no",4,3,2,1,4,5,0,"yes",4,10,11,12,2.5,TRUE
"205","GP","F",17,"R","GT3","T",4,3,"teacher","other","reputation","mother",2,3,"no","yes","yes","yes","yes","yes","yes",4,4,2,1,1,4,0,"yes",3,9,10,10,1,FALSE
"206","GP","F",19,"U","GT3","T",3,3,"other","other","reputation","other",1,4,"no","yes","yes","yes","yes","yes","no",4,3,3,1,2,3,0,"yes",7,10,10,10,1.5,FALSE
"207","GP","M",17,"U","LE3","T",4,4,"services","other","home","mother",1,2,"no","yes","no","yes","yes","yes","yes",5,3,5,4,5,3,0,"yes",14,12,12,12,4.5,TRUE
"208","GP","F",16,"U","GT3","A",2,2,"other","other","reputation","mother",1,2,"yes","yes","no","yes","yes","yes","no",3,3,4,1,1,4,0,"yes",0,12,13,14,1,FALSE
"209","GP","M",18,"U","GT3","T",2,2,"services","other","home","mother",1,2,"no","yes","yes","yes","yes","yes","no",4,4,4,2,4,5,0,"yes",12,9,9,10,3,TRUE
"210","GP","F",17,"R","LE3","T",4,4,"services","other","other","mother",1,1,"no","yes","no","yes","yes","no","no",5,2,1,1,2,3,0,"yes",9,10,10,10,1.5,FALSE
"211","GP","F",17,"U","LE3","T",3,2,"other","other","reputation","mother",2,2,"no","no","no","yes","yes","yes","no",4,4,4,1,3,1,0,"yes",2,14,16,15,2,FALSE
"212","GP","F",17,"U","GT3","T",4,3,"other","other","reputation","mother",1,2,"no","no","no","yes","yes","yes","yes",3,4,5,2,4,1,1,"yes",19,8,8,7,3,TRUE
"213","GP","M",18,"U","LE3","T",3,3,"services","health","home","father",1,2,"no","yes","no","yes","yes","yes","no",3,2,4,2,4,4,0,"yes",12,8,8,9,3,TRUE
"214","GP","F",17,"U","GT3","T",2,3,"at_home","other","home","father",2,1,"no","yes","no","yes","yes","no","no",3,3,3,1,4,3,0,"yes",4,10,10,10,2.5,TRUE
"215","GP","F",17,"U","GT3","T",2,2,"at_home","at_home","course","mother",1,3,"no","yes","yes","yes","yes","yes","no",4,3,3,1,1,4,0,"yes",2,10,11,12,1,FALSE
"216","GP","F",17,"R","GT3","T",2,1,"at_home","services","reputation","mother",2,2,"no","yes","yes","yes","yes","yes","no",4,2,5,1,2,5,0,"no",1,8,8,8,1.5,FALSE
"217","GP","F",17,"U","GT3","T",1,1,"at_home","other","reputation","mother",1,3,"no","yes","yes","yes","yes","no","yes",4,3,4,1,1,5,0,"no",6,9,8,6,1,FALSE
"218","GP","F",16,"U","GT3","T",2,3,"services","teacher","other","mother",1,2,"yes","no","no","yes","yes","yes","no",2,3,1,1,1,3,0,"no",1,14,14,16,1,FALSE
"219","GP","M",18,"U","GT3","T",2,2,"other","other","home","mother",2,2,"no","yes","no","yes","yes","yes","no",3,3,3,5,5,4,2,"yes",4,11,11,12,5,TRUE
"220","GP","F",16,"U","GT3","T",4,4,"teacher","services","home","mother",1,3,"no","yes","yes","no","yes","yes","no",5,3,2,1,1,5,0,"no",2,14,14,15,1,FALSE
"221","GP","F",18,"R","GT3","T",3,1,"other","other","reputation","mother",1,2,"no","no","yes","yes","yes","yes","yes",5,3,3,1,1,4,0,"no",10,8,8,8,1,FALSE
"222","GP","F",17,"U","GT3","T",3,2,"other","other","course","mother",1,2,"no","no","yes","no","yes","yes","no",5,3,4,1,3,3,0,"no",6,16,16,16,2,FALSE
"223","GP","M",17,"U","LE3","T",2,3,"services","services","reputation","father",1,2,"no","yes","no","no","yes","yes","no",5,3,3,1,3,3,0,"yes",1,11,11,12,2,FALSE
"224","GP","M",18,"U","LE3","T",2,1,"at_home","other","course","mother",4,2,"yes","yes","yes","yes","yes","yes","yes",4,3,2,4,5,3,0,"yes",8,10,9,10,4.5,TRUE
"225","GP","F",17,"U","GT3","A",2,1,"other","other","course","mother",2,3,"no","no","yes","yes","yes","yes","yes",3,2,3,1,2,3,0,"no",5,14,12,14,1.5,FALSE
"226","GP","F",17,"U","LE3","T",4,3,"health","other","reputation","father",1,2,"no","no","yes","yes","yes","yes","yes",3,2,3,1,2,3,0,"no",7,14,12,13,1.5,FALSE
"227","GP","M",17,"R","GT3","T",2,2,"other","other","course","father",2,2,"no","yes","yes","yes","yes","yes","no",4,5,2,1,1,1,0,"yes",2,12,12,12,1,FALSE
"228","GP","M",17,"U","GT3","T",4,4,"teacher","teacher","reputation","mother",1,2,"yes","yes","yes","yes","yes","yes","yes",4,5,5,1,3,2,0,"no",7,12,11,11,2,FALSE
"229","GP","M",16,"U","GT3","T",4,4,"health","other","reputation","father",1,2,"no","yes","yes","yes","yes","yes","no",4,2,4,2,4,1,0,"yes",1,14,13,14,3,TRUE
"230","GP","M",16,"U","LE3","T",1,1,"other","other","home","mother",2,2,"no","yes","no","yes","yes","yes","no",3,4,2,1,1,5,0,"yes",10,9,8,8,1,FALSE
"231","GP","M",16,"U","GT3","T",3,2,"at_home","other","reputation","mother",2,3,"no","no","yes","yes","yes","yes","yes",5,3,3,1,3,2,0,"no",5,12,10,11,2,FALSE
"232","GP","M",17,"U","LE3","T",2,2,"other","other","home","father",1,2,"no","no","yes","no","yes","yes","yes",4,4,2,5,5,4,0,"yes",2,15,14,14,5,TRUE
"233","GP","F",16,"U","GT3","T",2,1,"other","other","home","mother",1,1,"no","no","no","yes","yes","yes","yes",4,5,2,1,1,5,0,"no",12,11,11,11,1,FALSE
"234","GP","F",17,"R","GT3","T",2,1,"at_home","services","course","mother",3,2,"no","no","yes","yes","yes","no","no",2,1,1,1,1,3,0,"no",2,13,12,12,1,FALSE
"235","GP","M",18,"U","GT3","T",2,2,"other","services","reputation","father",1,2,"no","no","no","yes","no","yes","no",5,5,4,3,5,2,0,"no",8,8,7,4,4,TRUE
"236","GP","M",17,"U","LE3","T",4,3,"health","other","course","mother",2,2,"no","no","yes","yes","yes","yes","yes",2,5,5,1,4,5,0,"no",11,14,14,14,2.5,TRUE
"237","GP","M",17,"R","LE3","A",4,4,"teacher","other","course","mother",2,2,"no","yes","no","yes","yes","yes","no",3,3,3,2,3,4,0,"yes",1,11,12,12,2.5,TRUE
"238","GP","M",16,"U","LE3","T",4,3,"teacher","other","course","mother",1,1,"no","no","yes","no","yes","yes","no",5,4,5,1,1,3,0,"no",4,10,7,8,1,FALSE
"239","GP","M",16,"U","GT3","T",4,4,"services","services","course","mother",1,1,"no","no","yes","yes","yes","yes","no",5,3,2,1,2,5,0,"no",2,14,14,14,1.5,FALSE
"240","GP","F",18,"U","GT3","T",2,1,"other","other","course","other",2,3,"no","yes","no","no","yes","yes","yes",4,4,4,1,1,3,0,"yes",5,10,5,6,1,FALSE
"241","GP","M",16,"U","GT3","T",2,1,"other","other","course","mother",3,1,"no","no","no","yes","yes","yes","no",4,3,3,1,1,4,0,"no",6,16,17,17,1,FALSE
"242","GP","M",17,"U","GT3","T",2,3,"other","other","course","father",2,1,"no","no","no","yes","yes","yes","no",5,2,2,1,1,2,0,"no",3,10,12,13,1,FALSE
"243","GP","M",22,"U","GT3","T",3,1,"services","services","other","mother",1,1,"no","no","no","no","no","yes","yes",5,4,5,5,5,1,3,"no",14,6,8,6,5,TRUE
"244","GP","M",18,"R","LE3","T",3,3,"other","services","course","mother",1,2,"no","yes","no","yes","yes","yes","yes",4,3,3,1,3,5,0,"no",8,6,7,8,2,FALSE
"245","GP","M",16,"U","GT3","T",0,2,"other","other","other","mother",1,1,"no","no","no","no","yes","yes","no",4,3,2,2,4,5,0,"yes",0,12,14,13,3,TRUE
"246","GP","M",18,"U","GT3","T",3,2,"services","other","course","mother",2,1,"no","no","no","yes","no","yes","no",4,4,5,2,4,5,0,"no",4,6,8,8,3,TRUE
"247","GP","M",16,"U","GT3","T",3,3,"at_home","other","reputation","other",3,2,"yes","yes","no","no","yes","yes","no",5,3,3,1,3,2,0,"no",5,8,10,10,2,FALSE
"248","GP","M",18,"U","GT3","T",2,1,"services","services","other","mother",1,1,"no","no","no","no","no","yes","no",3,2,5,2,5,5,2,"no",4,6,8,7,3.5,TRUE
"249","GP","M",16,"R","GT3","T",2,1,"other","other","course","mother",2,1,"no","no","yes","no","yes","no","no",3,3,2,1,3,3,0,"no",1,11,11,10,2,FALSE
"250","GP","M",17,"R","GT3","T",2,1,"other","other","course","mother",1,1,"no","no","no","no","yes","yes","no",4,4,2,2,4,5,0,"no",0,10,12,12,3,TRUE
"251","GP","M",17,"U","LE3","T",1,1,"health","other","course","mother",2,1,"no","yes","yes","yes","yes","yes","no",4,4,4,1,2,5,1,"no",1,8,10,9,1.5,FALSE
"252","GP","F",17,"U","LE3","T",4,2,"teacher","services","reputation","mother",1,4,"no","yes","yes","yes","yes","yes","no",4,2,3,1,1,4,0,"yes",4,14,14,15,1,FALSE
"253","GP","M",19,"U","LE3","A",4,3,"services","at_home","reputation","mother",1,2,"no","yes","no","yes","yes","yes","no",4,3,1,1,1,1,0,"no",8,11,12,12,1,FALSE
"254","GP","M",18,"U","GT3","T",2,1,"other","other","home","mother",1,2,"no","no","yes","yes","yes","yes","no",5,2,4,1,2,4,0,"no",5,16,15,15,1.5,FALSE
"255","GP","F",17,"U","LE3","T",2,2,"services","services","course","father",1,4,"no","no","yes","yes","yes","yes","yes",3,4,1,1,1,2,0,"yes",1,10,10,6,1,FALSE
"256","GP","F",18,"U","GT3","T",4,3,"services","other","home","father",1,2,"no","yes","no","yes","yes","yes","yes",3,1,2,1,3,2,0,"yes",12,16,16,16,2,FALSE
"257","GP","M",18,"U","GT3","T",4,3,"teacher","other","course","mother",1,2,"no","yes","no","no","yes","yes","no",4,3,2,1,1,3,0,"yes",2,9,9,10,1,FALSE
"258","GP","M",18,"R","GT3","T",3,2,"other","other","course","mother",1,3,"no","no","yes","no","yes","no","no",5,3,2,1,1,3,0,"no",2,12,12,12,1,FALSE
"259","GP","F",17,"U","GT3","T",3,3,"other","other","home","mother",1,3,"no","no","yes","no","yes","no","no",3,2,3,1,1,4,0,"no",3,12,10,11,1,FALSE
"260","GP","F",18,"U","GT3","T",2,2,"at_home","services","home","mother",1,3,"no","yes","yes","yes","yes","yes","yes",4,3,3,1,1,3,0,"yes",0,10,11,6,1,FALSE
"261","GP","M",18,"R","LE3","A",3,4,"other","other","reputation","mother",2,2,"no","yes","yes","yes","yes","yes","no",4,2,5,3,4,1,0,"yes",10,16,16,16,3.5,TRUE
"262","GP","M",17,"U","GT3","T",3,1,"services","other","other","mother",1,2,"no","no","yes","yes","yes","yes","yes",5,4,4,3,4,5,0,"yes",1,10,10,12,3.5,TRUE
"263","GP","F",18,"R","GT3","T",4,4,"teacher","other","reputation","mother",2,2,"no","no","yes","yes","yes","yes","no",4,3,4,2,2,4,0,"yes",8,11,10,12,2,FALSE
"264","GP","M",18,"U","GT3","T",4,2,"health","other","reputation","father",1,2,"no","yes","yes","yes","yes","yes","yes",5,4,5,1,3,5,0,"yes",7,10,10,12,2,FALSE
"265","GP","F",18,"R","GT3","T",2,1,"other","other","reputation","mother",2,2,"no","yes","no","yes","no","yes","yes",4,3,5,1,2,3,0,"no",6,7,4,5,1.5,FALSE
"266","GP","F",19,"U","GT3","T",3,3,"other","services","home","other",1,2,"no","yes","yes","yes","yes","yes","no",4,3,5,3,3,5,1,"yes",16,10,10,10,3,TRUE
"267","GP","F",18,"U","GT3","T",2,3,"other","services","reputation","father",1,4,"no","yes","yes","yes","yes","yes","yes",4,5,5,1,3,2,0,"yes",7,16,15,15,2,FALSE
"268","GP","F",18,"U","LE3","T",1,1,"other","other","home","mother",2,2,"no","yes","no","no","yes","no","no",4,4,3,1,1,3,0,"yes",2,12,12,12,1,FALSE
"269","GP","M",17,"R","GT3","T",1,2,"at_home","at_home","home","mother",1,2,"no","yes","yes","no","yes","no","yes",3,5,2,2,2,1,0,"yes",2,16,16,16,2,FALSE
"270","GP","F",17,"U","GT3","T",2,4,"at_home","health","reputation","mother",2,2,"no","yes","no","yes","yes","yes","yes",4,3,3,1,1,1,0,"yes",4,12,13,13,1,FALSE
"271","GP","F",17,"U","LE3","T",2,2,"services","other","course","mother",2,2,"yes","yes","no","yes","yes","yes","yes",4,4,4,2,3,5,0,"yes",6,12,12,12,2.5,TRUE
"272","GP","F",18,"R","GT3","A",3,2,"other","services","home","mother",2,2,"no","no","no","no","no","yes","yes",4,1,1,1,1,5,0,"no",45,11,9,10,1,FALSE
"273","GP","M",18,"U","GT3","T",4,4,"teacher","services","home","mother",2,1,"no","no","yes","yes","yes","yes","no",3,2,4,1,4,3,0,"yes",14,10,10,10,2.5,TRUE
"274","GP","F",18,"U","GT3","T",4,4,"health","health","reputation","father",1,2,"yes","yes","yes","yes","yes","yes","yes",2,4,4,1,1,4,1,"no",8,12,10,10,1,FALSE
"275","GP","M",18,"U","LE3","T",4,3,"teacher","services","course","mother",2,1,"no","no","yes","yes","yes","yes","no",4,2,3,1,2,1,0,"yes",4,10,10,10,1.5,FALSE
"276","GP","M",17,"U","LE3","A",4,1,"services","other","home","mother",2,1,"no","no","yes","yes","yes","yes","yes",4,5,4,2,4,5,0,"yes",26,10,10,9,3,TRUE
"277","GP","M",17,"U","LE3","A",3,2,"teacher","services","home","mother",1,1,"no","no","no","yes","yes","yes","no",4,4,4,3,4,3,0,"no",18,12,11,12,3.5,TRUE
"278","GP","F",18,"R","LE3","T",1,1,"at_home","other","reputation","mother",2,4,"no","yes","yes","yes","yes","no","no",5,2,2,1,1,3,0,"yes",2,14,14,15,1,FALSE
"279","GP","F",18,"U","GT3","T",1,1,"other","other","home","mother",2,2,"yes","no","yes","yes","yes","yes","no",5,4,4,1,1,4,0,"no",2,10,11,12,1,FALSE
"280","GP","F",17,"U","GT3","T",2,2,"other","other","course","mother",1,2,"no","yes","no","no","yes","yes","no",5,4,5,1,2,5,0,"no",8,11,10,12,1.5,FALSE
"281","GP","M",17,"U","GT3","T",1,1,"other","other","reputation","father",1,2,"no","no","no","no","yes","yes","no",4,3,3,1,2,4,0,"yes",1,12,11,12,1.5,FALSE
"282","GP","F",18,"U","GT3","T",2,2,"at_home","at_home","other","mother",1,3,"no","yes","no","yes","yes","yes","no",4,3,3,1,2,2,0,"yes",2,18,18,18,1.5,FALSE
"283","GP","F",17,"U","GT3","T",1,1,"services","teacher","reputation","mother",1,3,"no","yes","no","yes","yes","yes","no",4,3,3,1,1,3,0,"yes",3,13,12,13,1,FALSE
"284","GP","M",18,"U","GT3","T",2,1,"services","services","reputation","mother",1,3,"no","no","yes","yes","yes","yes","no",4,2,4,1,3,2,0,"yes",3,14,14,14,2,FALSE
"285","GP","M",18,"U","LE3","A",4,4,"teacher","teacher","reputation","mother",1,2,"no","yes","yes","yes","yes","yes","no",5,4,3,1,1,2,0,"yes",4,16,15,16,1,FALSE
"286","GP","M",18,"U","GT3","T",4,2,"teacher","other","home","mother",1,2,"no","yes","yes","yes","yes","yes","yes",4,3,2,1,4,5,0,"yes",6,14,14,14,2.5,TRUE
"287","GP","F",17,"U","GT3","T",4,3,"health","services","reputation","mother",1,3,"no","yes","no","yes","yes","yes","no",4,2,2,1,2,3,0,"yes",0,16,16,16,1.5,FALSE
"288","GP","F",17,"R","LE3","T",3,1,"services","other","reputation","mother",2,4,"no","yes","no","yes","yes","no","no",3,1,2,1,1,3,0,"yes",3,18,18,18,1,FALSE
"289","GP","M",18,"R","LE3","T",3,2,"services","other","reputation","mother",2,3,"no","yes","yes","yes","yes","yes","no",5,4,2,1,1,4,0,"yes",4,14,14,14,1,FALSE
"290","GP","M",17,"U","GT3","T",3,3,"health","other","home","mother",1,1,"no","yes","no","yes","yes","yes","no",4,4,3,1,3,5,0,"yes",2,14,14,13,2,FALSE
"291","GP","F",19,"U","GT3","T",4,4,"health","other","reputation","other",2,2,"no","yes","yes","yes","yes","yes","no",2,3,4,2,3,2,0,"yes",1,12,11,6,2.5,TRUE
"292","GP","F",18,"U","LE3","T",4,3,"other","other","home","other",2,2,"no","yes","no","yes","yes","yes","yes",4,4,5,1,2,2,0,"yes",5,12,11,11,1.5,FALSE
"293","GP","F",18,"U","GT3","T",4,3,"other","other","reputation","father",1,4,"no","yes","no","yes","yes","yes","no",4,3,3,1,1,3,0,"yes",0,15,15,16,1,FALSE
"294","GP","M",18,"U","LE3","T",4,4,"teacher","teacher","home","mother",1,1,"no","yes","no","yes","yes","yes","yes",1,4,2,2,2,1,0,"yes",2,17,16,16,2,FALSE
"295","GP","F",18,"U","LE3","A",4,4,"health","other","home","mother",1,2,"no","yes","no","yes","yes","yes","yes",4,2,4,1,1,4,0,"no",7,13,12,13,1,FALSE
"296","GP","M",17,"U","LE3","T",4,4,"other","teacher","home","father",2,1,"no","no","no","yes","yes","yes","no",4,1,1,2,2,5,0,"yes",0,12,12,12,2,FALSE
"297","GP","F",17,"U","GT3","T",4,2,"other","other","reputation","mother",2,3,"no","yes","no","yes","yes","yes","no",4,3,3,1,1,3,0,"yes",0,16,14,15,1,FALSE
"298","GP","F",17,"U","GT3","T",3,2,"health","health","reputation","father",1,4,"no","yes","yes","no","yes","yes","no",5,2,2,1,2,5,0,"yes",0,18,18,18,1.5,FALSE
"299","GP","M",20,"U","GT3","A",3,2,"services","other","course","other",1,1,"no","no","yes","yes","yes","no","no",5,5,3,1,1,5,1,"no",0,16,16,16,1,FALSE
"300","GP","M",19,"R","GT3","T",3,3,"other","services","reputation","father",1,2,"no","no","yes","yes","yes","no","yes",4,5,3,1,2,5,0,"no",0,12,11,12,1.5,FALSE
"301","GP","F",18,"U","GT3","T",2,1,"services","other","course","mother",2,2,"no","yes","yes","yes","yes","yes","no",5,3,3,1,2,1,0,"yes",1,10,10,8,1.5,FALSE
"302","GP","F",18,"U","GT3","T",4,3,"other","other","course","mother",1,3,"no","yes","yes","yes","yes","yes","yes",4,3,4,1,1,5,0,"yes",6,12,12,13,1,FALSE
"303","GP","F",17,"R","GT3","T",3,4,"at_home","services","course","father",1,3,"no","yes","yes","no","yes","yes","no",4,3,4,2,5,5,0,"yes",1,13,13,14,3.5,TRUE
"304","GP","F",18,"U","GT3","T",4,4,"teacher","other","course","mother",1,2,"no","yes","no","yes","yes","yes","no",4,4,4,3,3,5,0,"yes",1,12,11,12,3,TRUE
"305","GP","F",17,"U","GT3","A",4,3,"services","services","course","mother",1,2,"no","yes","no","yes","yes","yes","yes",5,2,2,1,2,5,0,"yes",18,14,14,15,1.5,FALSE
"306","GP","F",17,"U","GT3","T",2,2,"other","other","course","mother",1,2,"no","yes","no","yes","yes","no","yes",4,2,2,1,1,3,0,"no",8,12,11,11,1,FALSE
"307","GP","F",17,"R","LE3","T",2,2,"services","services","course","mother",1,3,"no","yes","yes","yes","yes","yes","no",3,3,2,2,2,3,0,"yes",2,11,11,10,2,FALSE
"308","GP","F",17,"U","GT3","T",3,1,"services","services","course","father",1,3,"no","yes","no","no","yes","yes","no",3,4,3,2,3,5,0,"no",0,14,16,16,2.5,TRUE
"309","GP","F",17,"U","LE3","T",0,2,"at_home","at_home","home","father",2,3,"no","no","no","yes","yes","yes","no",3,3,3,2,3,2,0,"no",0,15,14,15,2.5,TRUE
"310","GP","M",18,"U","GT3","T",4,4,"other","other","course","mother",1,3,"no","no","yes","yes","yes","yes","no",4,3,3,2,2,3,0,"no",2,11,13,12,2,FALSE
"311","GP","M",17,"U","GT3","T",3,3,"other","services","reputation","mother",1,1,"no","no","yes","no","yes","yes","no",4,3,5,3,5,5,0,"no",2,16,16,16,4,TRUE
"312","GP","M",17,"R","GT3","T",2,2,"services","other","course","mother",4,1,"no","yes","no","yes","yes","yes","no",4,4,5,5,5,4,0,"no",5,11,10,10,5,TRUE
"313","GP","F",17,"U","GT3","T",4,4,"teacher","services","course","mother",1,3,"no","yes","yes","yes","yes","yes","no",5,4,4,1,3,4,0,"yes",4,12,10,11,2,FALSE
"314","GP","F",17,"U","GT3","T",4,4,"teacher","teacher","course","mother",2,3,"no","yes","no","no","yes","yes","yes",4,3,3,1,2,4,0,"yes",4,14,14,14,1.5,FALSE
"315","GP","M",18,"U","LE3","T",2,2,"other","other","course","mother",1,4,"no","yes","yes","yes","yes","yes","no",4,5,5,2,4,5,0,"no",1,10,10,10,3,TRUE
"316","GP","F",17,"R","GT3","T",2,4,"at_home","other","course","father",1,3,"no","yes","no","yes","yes","yes","yes",4,4,3,1,1,5,0,"no",4,14,14,14,1,FALSE
"317","GP","F",18,"U","GT3","T",3,3,"services","services","home","mother",1,2,"no","no","yes","yes","yes","yes","no",5,3,4,1,1,4,0,"no",4,8,6,6,1,FALSE
"318","GP","F",18,"U","LE3","T",2,2,"other","other","home","other",1,2,"no","no","yes","no","yes","yes","yes",4,3,3,1,1,2,0,"no",0,9,8,6,1,FALSE
"319","GP","F",18,"R","GT3","T",2,2,"at_home","other","course","mother",2,4,"no","no","yes","yes","yes","no","no",4,4,4,1,1,4,0,"no",3,12,11,7,1,FALSE
"320","GP","F",17,"U","GT3","T",3,4,"services","other","course","mother",1,3,"no","no","no","yes","yes","yes","no",4,4,5,1,3,5,0,"no",12,14,14,14,2,FALSE
"321","GP","F",17,"U","GT3","T",3,2,"other","other","home","mother",1,2,"no","yes","no","yes","yes","yes","yes",4,3,2,2,3,2,0,"yes",0,10,10,8,2.5,TRUE
"322","GP","F",18,"U","LE3","T",3,3,"services","services","home","mother",1,4,"no","yes","no","yes","yes","yes","no",5,3,3,1,1,1,0,"no",6,15,14,16,1,FALSE
"323","GP","F",17,"R","GT3","A",3,2,"other","other","home","mother",1,2,"no","yes","no","yes","yes","yes","no",4,3,3,2,3,2,0,"yes",2,12,12,13,2.5,TRUE
"324","GP","M",18,"U","GT3","T",4,4,"teacher","services","home","father",1,2,"no","yes","yes","yes","yes","yes","no",4,3,3,2,2,2,0,"no",0,11,11,6,2,FALSE
"325","GP","M",18,"U","LE3","T",3,4,"services","other","home","mother",1,2,"no","no","yes","yes","yes","yes","yes",4,3,3,1,3,5,0,"no",8,16,16,16,2,FALSE
"326","GP","F",17,"U","GT3","A",2,2,"at_home","at_home","home","father",1,2,"no","yes","no","yes","yes","yes","yes",3,3,1,1,2,4,0,"no",9,10,10,7,1.5,FALSE
"327","GP","F",18,"U","GT3","T",2,3,"at_home","other","course","mother",1,3,"no","yes","no","yes","yes","yes","no",4,3,3,1,2,3,0,"no",2,11,11,12,1.5,FALSE
"328","GP","F",18,"U","GT3","T",3,2,"other","services","other","mother",1,3,"no","no","no","yes","yes","yes","yes",5,4,3,2,3,1,0,"no",6,14,14,16,2.5,TRUE
"329","GP","M",18,"R","GT3","T",4,3,"teacher","services","course","mother",1,3,"no","no","no","yes","yes","yes","yes",5,3,2,1,2,4,0,"no",6,16,14,16,1.5,FALSE
"330","GP","M",18,"U","GT3","T",4,3,"teacher","other","course","mother",1,3,"no","yes","no","yes","yes","yes","yes",5,4,5,2,3,5,0,"yes",0,12,12,12,2.5,TRUE
"331","GP","F",17,"U","GT3","T",4,3,"health","other","reputation","mother",1,3,"no","yes","yes","yes","yes","yes","yes",4,4,3,1,3,4,0,"yes",0,12,14,14,2,FALSE
"332","MS","M",18,"R","GT3","T",3,2,"other","other","course","mother",2,1,"no","yes","no","no","yes","yes","no",2,5,5,5,5,5,0,"no",9,10,12,12,5,TRUE
"333","MS","M",19,"R","GT3","T",1,1,"other","services","home","other",3,2,"no","no","no","yes","yes","yes","no",5,4,4,3,3,2,2,"no",8,9,8,10,3,TRUE
"334","MS","M",17,"U","GT3","T",3,3,"health","other","course","mother",2,2,"no","yes","no","yes","yes","yes","no",4,5,4,2,3,3,0,"yes",3,10,11,12,2.5,TRUE
"335","MS","M",18,"U","LE3","T",1,3,"at_home","services","course","mother",1,1,"no","no","no","yes","no","yes","yes",4,3,3,2,3,3,0,"no",4,8,8,8,2.5,TRUE
"336","MS","M",19,"R","GT3","T",1,1,"other","other","home","other",3,1,"no","yes","no","yes","yes","yes","no",4,4,4,3,3,5,1,"no",4,8,8,9,3,TRUE
"337","MS","M",17,"R","GT3","T",4,3,"services","other","home","mother",2,2,"no","yes","yes","no","yes","yes","yes",4,5,5,1,3,2,0,"yes",4,12,11,11,2,FALSE
"338","MS","F",18,"U","GT3","T",3,3,"services","services","course","father",1,2,"no","yes","no","yes","yes","no","yes",5,3,4,1,1,5,0,"no",0,10,10,10,1,FALSE
"339","MS","F",17,"R","GT3","T",4,4,"teacher","services","other","father",2,2,"no","yes","yes","yes","yes","yes","no",4,3,3,1,2,5,0,"yes",3,12,12,12,1.5,FALSE
"340","MS","F",17,"U","LE3","A",3,2,"services","other","reputation","mother",2,2,"no","no","no","yes","yes","no","yes",1,2,3,1,2,5,0,"no",1,14,13,13,1.5,FALSE
"341","MS","M",18,"U","LE3","T",1,1,"other","services","home","father",2,1,"no","no","no","no","yes","yes","yes",3,3,2,1,2,3,0,"no",3,12,12,12,1.5,FALSE
"342","MS","F",18,"U","LE3","T",1,1,"at_home","services","course","father",2,3,"no","no","no","yes","yes","yes","no",5,3,2,1,1,4,0,"no",0,18,16,17,1,FALSE
"343","MS","F",18,"U","GT3","T",3,3,"services","services","other","mother",2,2,"no","yes","no","yes","yes","yes","yes",4,3,2,1,3,3,0,"no",3,12,12,12,2,FALSE
"344","MS","F",17,"U","LE3","T",4,4,"at_home","at_home","course","mother",1,2,"no","yes","yes","yes","yes","yes","yes",2,3,4,1,1,1,0,"yes",2,16,14,15,1,FALSE
"345","MS","F",17,"R","GT3","T",1,2,"other","services","course","father",2,2,"no","no","no","no","yes","no","no",3,2,2,1,2,3,0,"no",0,12,12,12,1.5,FALSE
"346","MS","M",18,"R","GT3","T",1,3,"at_home","other","course","mother",2,2,"no","yes","no","yes","yes","no","no",3,3,4,2,4,3,0,"yes",2,9,10,10,3,TRUE
"347","MS","M",18,"U","LE3","T",4,4,"teacher","services","other","mother",2,3,"no","no","no","yes","yes","yes","yes",4,2,2,2,2,5,0,"yes",0,14,14,14,2,FALSE
"348","MS","F",17,"R","GT3","T",1,1,"other","services","reputation","mother",3,1,"no","yes","no","yes","yes","yes","yes",5,2,1,1,2,1,1,"yes",0,8,7,4,1.5,FALSE
"349","MS","F",18,"U","GT3","T",2,3,"at_home","services","course","father",2,1,"no","yes","no","yes","yes","yes","yes",5,2,3,1,2,4,0,"yes",0,10,10,10,1.5,FALSE
"350","MS","F",18,"R","GT3","T",4,4,"other","teacher","other","father",3,2,"no","yes","no","no","yes","yes","yes",3,2,2,4,2,5,0,"yes",5,10,8,6,3,TRUE
"351","MS","M",18,"R","LE3","T",1,2,"at_home","services","other","father",3,1,"no","yes","yes","yes","no","yes","yes",4,3,3,2,3,3,0,"yes",3,12,11,11,2.5,TRUE
"352","MS","F",17,"U","GT3","T",2,2,"other","at_home","home","mother",1,3,"no","no","yes","yes","yes","no","yes",3,4,3,1,1,3,0,"no",8,12,11,12,1,FALSE
"353","MS","F",17,"R","GT3","T",1,2,"other","other","course","mother",1,1,"no","no","yes","yes","yes","yes","no",3,5,5,1,3,1,0,"no",9,6,6,7,2,FALSE
"354","MS","F",18,"R","LE3","T",4,4,"other","other","reputation","mother",2,3,"no","no","no","yes","yes","yes","no",5,4,4,1,1,1,0,"no",0,17,18,18,1,FALSE
"355","MS","F",18,"R","GT3","T",1,1,"other","other","home","mother",4,3,"no","no","no","yes","yes","yes","no",4,3,2,1,2,4,0,"no",3,9,10,11,1.5,FALSE
"356","MS","F",18,"R","LE3","T",4,4,"teacher","services","course","mother",1,2,"no","no","yes","yes","yes","yes","no",5,4,3,3,4,2,0,"yes",2,10,12,12,3.5,TRUE
"357","MS","F",18,"U","GT3","T",3,3,"other","other","home","mother",1,2,"no","no","no","yes","yes","yes","yes",4,1,3,1,2,1,0,"yes",0,16,16,16,1.5,FALSE
"358","MS","F",17,"R","GT3","T",3,1,"at_home","other","reputation","mother",1,2,"no","yes","yes","no","yes","yes","no",4,5,4,2,3,1,0,"yes",14,9,10,10,2.5,TRUE
"359","MS","M",18,"U","GT3","T",4,4,"teacher","teacher","home","father",1,2,"no","no","yes","no","yes","yes","no",3,2,4,1,4,2,0,"yes",4,16,16,16,2.5,TRUE
"360","MS","M",18,"R","GT3","T",2,1,"other","other","other","mother",2,1,"no","no","yes","no","yes","yes","yes",4,4,3,1,3,5,0,"no",2,7,6,4,2,FALSE
"361","MS","M",17,"U","GT3","T",2,3,"other","services","home","father",2,2,"no","no","yes","yes","yes","yes","no",4,4,3,1,1,3,0,"no",3,12,13,13,1,FALSE
"362","MS","M",19,"R","GT3","T",1,1,"other","services","other","mother",2,1,"no","no","no","yes","yes","no","no",4,3,2,1,3,5,1,"no",0,6,6,0,2,FALSE
"363","MS","M",18,"R","GT3","T",4,2,"other","other","home","father",2,1,"no","no","no","yes","yes","no","no",5,4,3,4,3,3,1,"yes",7,6,6,2,3.5,TRUE
"364","MS","F",18,"R","GT3","T",2,2,"at_home","other","other","mother",2,3,"no","no","no","yes","yes","no","no",5,3,3,1,3,4,0,"yes",1,12,13,12,2,FALSE
"365","MS","F",18,"R","GT3","T",4,4,"teacher","at_home","reputation","mother",3,1,"no","yes","yes","yes","yes","yes","yes",4,4,3,2,2,5,0,"yes",6,6,7,8,2,FALSE
"366","MS","F",19,"R","GT3","T",2,3,"services","other","course","mother",1,3,"no","no","yes","no","yes","yes","no",5,4,2,1,2,5,1,"no",2,8,8,5,1.5,FALSE
"367","MS","F",18,"U","LE3","T",3,1,"teacher","services","course","mother",1,2,"no","yes","no","yes","yes","yes","no",4,3,4,1,1,1,0,"yes",2,11,12,12,1,FALSE
"368","MS","F",18,"U","GT3","T",1,1,"other","other","course","mother",2,2,"no","no","yes","yes","yes","no","no",1,1,1,1,1,5,0,"no",3,8,8,4,1,FALSE
"369","MS","M",17,"U","LE3","T",3,1,"services","services","course","mother",2,1,"no","no","no","no","yes","yes","no",2,4,5,3,4,2,0,"no",4,12,13,13,3.5,TRUE
"370","MS","M",18,"R","LE3","T",3,2,"services","other","course","mother",3,1,"no","no","no","no","yes","yes","no",4,4,1,3,4,5,0,"no",2,10,12,10,3.5,TRUE
